Id,Name,Shape Library,Page ID,Contained By,Group,Line Source,Line Destination,Source Arrow,Destination Arrow,Status,Text Area 1,Text Area 2,Comments
1,Page,,,,,,,,,,Login Authentication Flow,,
2,Terminator,Flowchart Shapes,1,,,,,,,,User opens app.vwo.com/#/login,,
3,Process,Flowchart Shapes,1,,,,,,,,Enter email (login-username) and password (login-password),,
4,Process,Flowchart Shapes,1,,,,,,,,Click Sign in (js-login-btn),,
5,Decision,Flowchart Shapes,1,,,,,,,,Credentials valid?,,
6,Decision,Flowchart Shapes,1,,,,,,,,IP / location risk check passed?,,Allowlist applies to test accounts. CI egress IPs must be allowlisted.
7,Process,Flowchart Shapes,1,,,,,,,,Show error banner (js-notification-box-msg): Your email password IP address or location did not match,,
8,Decision,Flowchart Shapes,1,,,,,,,,2FA enabled for account?,,
9,Process,Flowchart Shapes,1,,,,,,,,Enter OTP from authenticator app,,
10,Process,Flowchart Shapes,1,,,,,,,,Create session cookie and redirect,,
11,Terminator,Flowchart Shapes,1,,,,,,,,Dashboard loaded (user name shown in h6),,
12,Process,Flowchart Shapes,1,,,,,,,,Increment failed attempts,,
13,Decision,Flowchart Shapes,1,,,,,,,,5 failed attempts in 15 minutes?,,
14,Terminator,Flowchart Shapes,1,,,,,,,,Account locked for 30 minutes,,
20,Line,,1,,,2,3,None,Arrow,,,,
21,Line,,1,,,3,4,None,Arrow,,,,
22,Line,,1,,,4,5,None,Arrow,,,,
23,Line,,1,,,5,6,None,Arrow,,Yes,,
24,Line,,1,,,5,12,None,Arrow,,No,,
25,Line,,1,,,6,8,None,Arrow,,Yes,,
26,Line,,1,,,6,7,None,Arrow,,No (blocked),,
27,Line,,1,,,8,9,None,Arrow,,Yes,,
28,Line,,1,,,8,10,None,Arrow,,No,,
29,Line,,1,,,9,10,None,Arrow,,OTP valid,,
30,Line,,1,,,10,11,None,Arrow,,,,
31,Line,,1,,,12,13,None,Arrow,,,,
32,Line,,1,,,13,14,None,Arrow,,Yes,,
33,Line,,1,,,13,7,None,Arrow,,No,,
